Type,Name,Request Count,Failure Count,Median Response Time,Average Response Time,Min Response Time,Max Response Time,Average Content Size,Requests/s,Failures/s,50%,66%,75%,80%,90%,95%,98%,99%,99.9%,99.99%,100%
GET,/api/v1/admin/threshold-register,1808,0,110,143.01810460671402,2.945791999081848,1050.339665998763,26176.0,30.61249324270119,0.0,110,160,190,210,290,370,480,620,970,1100,1100
GET,/api/v1/admin/tier-config,3573,0,100,136.68034534958267,2.2349999999278225,1049.0282499995374,1513.0,60.4969238695638,0.0,100,150,190,210,280,360,480,590,960,1000,1000
GET,/api/v1/audit/search,1776,0,110,142.65913941099612,2.9205000028014183,1267.4541669985047,62.0,30.070679203007362,0.0,110,160,190,210,280,350,450,570,1200,1300,1300
GET,/api/v1/people,5336,0,110,142.08864520371873,4.089707999810344,1348.4367079981894,55449.0,90.34749111894554,0.0,110,160,190,210,280,340,480,580,1000,1300,1300
GET,/api/v1/programmes/{code}/health,7157,0,130,161.59914403535848,2.717584000492934,1291.4946249984496,1565.809836523683,121.18009631527235,0.0,130,180,210,240,310,390,530,640,1000,1300,1300
GET,/api/v1/programmes/{code}/milestones,7161,0,130,161.69629034786203,2.7124580010422505,1421.3655409985222,5542.585253456221,121.24782307023408,0.0,130,190,220,240,310,400,530,640,910,1400,1400
GET,/api/v1/programmes/{code}/raids,7188,0,140,165.34930048035588,2.6522919979470316,1141.4923340016685,5499.851419031719,121.70497866622574,0.0,140,190,220,250,320,410,570,680,950,1100,1100
GET,/health,1802,0,17,25.060406781884335,0.42537499757600017,273.57033299995237,82.0,30.510903110258596,0.0,17,23,32,39,53,72,100,130,230,270,270
,Aggregated,35801,0,120,148.22616919582717,0.42537499757600017,1421.3655409985222,12270.489176279993,606.1713885962087,0.0,120,170,200,230,300,380,510,630,990,1300,1400
