Type,Name,Request Count,Failure Count,Median Response Time,Average Response Time,Min Response Time,Max Response Time,Average Content Size,Requests/s,Failures/s,50%,66%,75%,80%,90%,95%,98%,99%,99.9%,99.99%,100%
GET,/api/v1/admin/threshold-register,2212,0,6,23.197227542926175,2.7959590006503277,270.24616599737783,26176.0,18.572609468880287,0.0,6,8,12,22,79,130,170,200,240,270,270
GET,/api/v1/admin/tier-config,4220,0,5,21.48289973482477,2.187209000112489,350.1980420005566,1513.0,35.43237430319838,0.0,5,7,10,20,74,130,170,190,240,350,350
GET,/api/v1/audit/search,2229,0,6,23.088908647312333,2.676749998499872,247.14162500094972,62.0,18.71534652176047,0.0,6,8,12,20,78,130,170,200,240,250,250
GET,/api/v1/people,6494,0,8,24.537713770996632,4.019959000288509,328.4425829988322,55449.0,54.52555420022992,0.0,8,10,17,25,76,130,180,190,240,330,330
GET,/api/v1/programmes/{code}/health,8586,0,6,26.796854030951568,2.5497919996269047,357.0970410000882,1565.9517819706498,72.09060800172068,0.0,6,8,13,23,98,160,210,230,270,360,360
GET,/api/v1/programmes/{code}/milestones,8537,0,6,25.92302199870171,2.7084159992227796,352.34479200153146,5543.1760571629375,71.67918943753662,0.0,6,8,12,22,95,150,200,220,260,350,350
GET,/api/v1/programmes/{code}/raids,8709,0,6,26.632098435192304,2.624250002554618,307.44495799808647,5499.700080376622,73.12335256079494,0.0,6,9,12,22,97,160,210,230,270,310,310
GET,/health,2153,0,1,5.540078569400596,0.4264999988663476,142.79774999886286,82.0,18.07722793241377,0.0,1,1,2,4,15,34,54,74,120,140,140
,Aggregated,43140,0,6,24.2937542131271,0.4264999988663476,357.0970410000882,12363.258368103849,362.2162624265351,0.0,6,9,12,21,83,140,190,220,260,310,360
